{
    "$schema": "https://schema.management.azure.com/schemas/0.1.2-preview/CreateUIDefinition.MultiVm.json#",
    "handler": "Microsoft.Azure.CreateUIDef",
    "version": "0.1.2-preview",
    "parameters": {
        "basics": [
        ],
        "steps": [
            {
                "name": "thinlincOptions",
                "label": "Thinlinc Options",
                "elements": [
                    {
                        "name": "infoMessage",
                        "type": "Microsoft.Common.InfoBox",
                        "visible": true,
                        "options": {
                            "icon": "Info",
                            "text": "Welcome to the ThinLinc Remote Desktop Server"
                        }
                    },
                    {
                        "name": "windowManagerType",
                        "type": "Microsoft.Common.DropDown",
                        "label": "Which Window Manager would you like to use?",
                        "defaultValue": "MATE",
                        "toolTip": "Please select a desktop environment for your Thinlinc users",
                        "constraints": {
                            "allowedValues": [
                                {
                                    "label": "MATE",
                                    "value": "mate"
                                },
                                {
                                    "label": "KDE",
                                    "value": "kde"
                                },
                                {
                                    "label": "GNOME",
                                    "value": "gnome"
                                }
                            ],
                            "required": true
                        },
                        "visible": true
                    },
                    {
                        "name": "newsletter",
                        "type": "Microsoft.Common.Section",
                        "label": "Monthly Newsletter",
                        "elements": [
                            {
                                "name": "announcement",
                                "type": "Microsoft.Common.TextBlock",
                                "visible": true,
                                "options": {
                                    "text": "Join our ThinLinc Community Forum and meet people from a wide range of industries and disciplines! No spam (no kidding). Must be at least 18 years old to register.",
                                    "link": {
                                        "label": "Learn more",
                                        "uri": "https://www.cendio.com/"
                                    }
                                }
                            },
                            {
                                "name": "emailAddress",
                                "type": "Microsoft.Common.TextBox",
                                "label": "Email",
                                "defaultValue": "",
                                "toolTip": "Please enter a valid email account",
                                "constraints": {
                                    "required": false,
                                    "regex": "^[a-zA-Z0-9_.+-]+@[a-zA-Z0-9-]+\\.[a-zA-Z0-9-.]+$",
                                    "regex": "^.{1,150}$",
                                    "validationMessage": "Email is not valid. Please re-enter."
                                },
                                "visible": true
                            },
                            {
                                "name": "legalAccept",
                                "type": "Microsoft.Common.CheckBox",
                                "label": "I agree to the terms and conditions.",
                                "toolTip": "This is to agree the legal conditions",
                                "constraints": {
                                    "required": true,
                                    "validationMessage": "Please acknowledge the legal conditions."
                                }
                            }
                        ],
                        "visible": true
                    }
                ]
            },
            {
                "name": "vmSettings",
                "label": "Virtual Machine Settings",
                "elements": [
                    {
                        "name": "vmName",
                        "type": "Microsoft.Common.TextBox",
                        "label": "Virtual machine name",
                        "toolTip": "Virtual machines in Azure have two distinct names: virtual machine name used as the Azure resource identifier, and in guest host name. When you create a VM in the portal, the same name is used for both the virtual machine name and the host name. The virtual machine name cannot be changed after the VM is created. You can change the host name when you log into the virtual machine.",
                        "defaultValue": "[concat('linuxvm', take(replace(guid(), '-', ''), 5))]",
                        "constraints": {
                          "required": true,
                          "validations": [
                            {
                              "regex": "^([a-zA-Z0-9-]{0,14}[a-zA-Z0-9]){1}$",
                              "message": "The virtual machine name can only contain alphanumeric values and hyphens, but may not end with a hyphen. The name must be between 1-15 characters."
                            }
                          ]
                        },
                        "visible": true
                    },
                    {
                        "name": "vmSize",
                        "type": "Microsoft.Compute.SizeSelector",
                        "label": "Virtual machine size",
                        "toolTip": "Select a VM size to support the workload that you want to run. The size that you choose then determines factors such as processing power, memory, and storage capacity. Azure offers a wide variety of sizes to support many types of uses. Azure charges an hourly price based on the VM's size and operating system.<br>[Learn more about Virtual Machine sizes](http://go.microsoft.com/fwlink/?LinkId=2079859)",
                        "recommendedSizes": [
                          "Standard_D2s_v3",
                          "Standard_D4s_v3"
                        ],
                        "constraints": {
                          "allowedSizes": [
                            "Standard_DS2_v2",
                            "Standard_DS3_v2",
                            "Standard_DS4_v2",
                            "Standard_DS5_v2",
                            "Standard_D2s_v3",
                            "Standard_D4s_v3",
                            "Standard_D8s_v3",
                            "Standard_D16s_v3"
                          ]
                        },
                        "osPlatform": "Linux",
                        "imageReference": {
                          "publisher": "Canonical",
                          "offer": "0001-com-ubuntu-server-jammy",
                          "sku": "22_04-lts-gen2"
                        },
                        "visible": true
                    },
                    {
                        "name": "adminUsername",
                        "type": "Microsoft.Compute.UserNameTextBox",
                        "label": "Admin Username",
                        "defaultValue": "",
                        "toolTip": "The administrator username for the VM",
                        "constraints": {
                            "required": true,
                            "regex": "^[a-z0-9A-Z]{1,30}$",
                            "validationMessage": "Only alphanumeric characters are allowed, and the value must be 1-30 characters long."
                        },
                        "osPlatform": "Linux",
                        "visible": true
                    },
                    {
                        "name": "adminPassword",
                        "type": "Microsoft.Compute.CredentialsCombo",
                        "label": {
                            "authenticationType": "Authentication type",
                            "password": "Password",
                            "confirmPassword": "Confirm password",
                            "sshPublicKey": "SSH public key"
                        },
                        "toolTip": {
                            "sshPublicKey": "SSH Key for Linux"
                        },
                        "constraints": {
                            "required": true,
                            "customPasswordRegex": "^(?=.*\\d)(?=.*[a-z])(?=.*[A-Z])[\\w~@#$%^&*+=|{}:;!.?\\()\\[\\]-]{8,}$",
                            "customValidationMessage": "The password must contain at least 8 characters, with at least 1 uppercase, 1 lowercase and 1 number."
                        },
                        "options": {
                            "hideConfirmation": false,
                            "hidenPassword": false
                        },
                        "osPlatform": "Linux",
                        "visible": true
                    }
                ]
            },
            {
                "name": "networking",
                "label": "Networking",
                "elements": [
                    {
                        "name": "networkingInfo",
                        "type": "Microsoft.Common.TextBlock",
                        "visible": true,
                        "options": {
                          "text": "Define network connectivity for your virtual machine by configuring network interface card (NIC) settings.",
                          "link": {
                            "label": "Learn more",
                            "uri": "https://docs.microsoft.com/en-us/azure/virtual-network/network-overview"
                          }
                        }
                    },
                    {
                        "name": "virtualNetwork",
                        "type": "Microsoft.Network.VirtualNetworkCombo",
                        "label": {
                          "virtualNetwork": "Virtual network",
                          "subnets": "Subnets"
                        },
                        "toolTip": {
                          "virtualNetwork": "Virtual networks are logically isolated from each other in Azure. You can configure their IP address ranges, subnets, route tables, gateways, and security settings, much like a traditional network in your data center. Virtual machines in the same virtual network can access each other by default.",
                          "subnets": "A subnet is a range of IP addresses in your virtual network, which can be used to isolate virtual machines from each other or from the Internet."
                        },
                        "defaultValue": {
                          "name": "[concat(steps('vmSettings').vmName, '-vnet')]",
                          "addressPrefixSize": "/16"
                        },
                        "options": {
                          "hideExisting": false
                        },
                        "constraints": {
                          "minAddressPrefixSize": "/16"
                        },
                        "subnets": {
                          "subnet1": {
                            "label": "Subnet",
                            "defaultValue": {
                              "name": "subnet-1",
                              "addressPrefixSize": "/24"
                            },
                            "constraints": {
                              "minAddressPrefixSize": "/24",
                              "minAddressCount": 12,
                              "requireContiguousAddresses": false
                            }
                          }
                        }
                    },
                    {
                        "name": "publicIp",
                        "type": "Microsoft.Common.Section",
                        "label": "Configure public IP and DNS",
                        "elements": [
                          {
                            "name": "dnsAndPublicIP",
                            "type": "Microsoft.Network.PublicIpAddressCombo",
                            "label": {
                              "publicIpAddress": "Public IP",
                              "domainNameLabel": "DNS prefix"
                            },
                            "toolTip": {
                              "domainNameLabel": "Unique DNS Prefix for the public IP address"
                            },
                            "defaultValue": {
                              "publicIpAddressName": "[concat(steps('vmSettings').vmName, '-ip')]",
                              "domainNameLabel": "[concat(steps('vmSettings').vmName, '-', take(replace(guid(), '-', ''), 6))]"
                            },
                            "options": {
                              "hideNone": false,
                              "hideExisting": false,
                              "hideDomainNameLabel": false
                            }
                          }
                        ],
                        "visible": true
                    }
                ]
            },
            {
                "name": "tags",
                "label": "Tags",
                "elements": [
                    {
                        "name": "tagsByResource",
                        "type": "Microsoft.Common.TagsByResource",
                        "resources": [
                            "Microsoft.Compute/virtualMachines",
                            "Microsoft.Network/publicIPAddresses",
                            "Microsoft.Network/virtualNetworks",
                            "Microsoft.Network/networkInterfaces"
                        ],
                        "toolTip": "Tags are name/value pairs that enable you to categorize resources and view consolidated billing by applying the same tag to multiple resources and resource groups."
                    }
                ]
            }
        ],
        "outputs": {
            "location": "[location()]",
            "customData": "[steps('thinlincOptions').windowManagerType]",
            "vmName": "[steps('vmSettings').vmName]",
            "vmSize": "[steps('vmSettings').vmSize]",
            "adminUsername": "[steps('vmSettings').adminUsername]",
            "authenticationType": "[steps('vmSettings').adminPassword.authenticationType]",
            "adminPasswordOrKey": "[steps('vmSettings').adminPassword.sshPublicKey]",
            "virtualNetworkName": "[steps('networking').virtualNetwork.name]",
            "addressPrefix": "[steps('networking').virtualNetwork.addressPrefixes]",
            "subnetName": "[steps('networking').virtualNetwork.subnets.subnet1.name]",
            "subnetAddressPrefix": "[steps('networking').virtualNetwork.subnets.subnet1.addressPrefix]",
            "virtualNetworkNewOrExisting": "[steps('networking').virtualNetwork.newOrExisting]",
            "virtualNetworkRGName": "[steps('networking').virtualNetwork.resourceGroup]",
            "publicIpName": "[steps('networking').publicIp.dnsAndPublicIP.name]",
            "publicIpNewOrExisting": "[steps('networking').publicIp.dnsAndPublicIP.newOrExisting]",
            "publicIpRGName": "[steps('networking').publicIp.dnsAndPublicIP.resourceGroup]",
            "publicIpDns": "[steps('networking').publicIp.dnsAndPublicIP.domainNameLabel]",
            "outTagsByResource": "[steps('tags').tagsByResource]"
        }
    }
}